ID,Nombre completo,Edad,Sexo,Ocupación,Nivel de estudios
1,Ana Gómez,29,Femenino,Abogado,Licenciatura
2,Fernando Ruiz,63,Masculino,Médico,Maestría
3,Elena Ramírez,45,Femenino,Administrador,Doctorado
4,Laura Silva,24,Femenino,Administrador,Licenciatura
5,Elena Ramírez,44,Femenino,Profesor,Doctorado
6,María López,30,Femenino,Arquitecto,Licenciatura
7,Fernando Martinez,58,Masculino,Profesor,Doctorado
8,Pedro Castillo,64,Masculino,Abogado,Doctorado
9,Antonio Ríos,46,Masculino,Profesor,Maestría
10,Gabriela Ortega,57,Femenino,Abogado,Maestría
11,Luis Fernández,52,Masculino,Administrador,Maestría
12,Elena Ramírez,61,Femenino,Administrador,Doctorado
13,Javier Torres,27,Masculino,Administrador,Licenciatura
14,Luis Fernández,19,Masculino,Asistente,Preparatoria
15,Juan Pérez,25,Masculino,Administrador,Licenciatura
16,Sofía Méndez,48,Femenino,Profesor,Doctorado
17,Sofía Méndez,25,Femenino,Enfermero,Licenciatura
18,Carmen Morales,20,Femenino,Asistente,Preparatoria
19,Marta Díaz,42,Femenino,Abogado,Maestría
20,Antonio Ríos,42,Masculino,Profesor,Maestría
21,Fernando Ruiz,24,Masculino,Administrador,Licenciatura
22,Pedro Carrillo,62,Masculino,Médico,Maestría
23,Pedro Leon,23,Masculino,Programador,Licenciatura
24,Pedro Castillo,58,Masculino,Administrador,Maestría
25,Ana Gómez,46,Femenino,Profesor,Doctorado
26,María López,51,Femenino,Abogado,Maestría
27,Marta Díaz,64,Femenino,Administrador,Doctorado
28,Pedro Bautista,42,Masculino,Profesor,Maestría
29,Ana Gómez,34,Femenino,Ingeniero,Maestría
30,Ana Torres,54,Femenino,Ingeniero,Maestría
31,Antonio Ríos,43,Masculino,Abogado,Doctorado
32,Ana Gómez,52,Femenino,Ingeniero,Maestría
33,Luis Fernández,24,Masculino,Administrador,Licenciatura
34,Roberto Herrera,51,Masculino,Abogado,Doctorado
35,Sofía Méndez,51,Femenino,Profesor,Doctorado
36,Juan Pérez,19,Masculino,Asistente,Preparatoria
37,Fernando Santos,32,Masculino,Abogado,Maestría
38,Pedro Castillo,20,Masculino,Asistente,Secundaria
39,María López,64,Femenino,Ingeniero,Maestría
40,Pedro Castillo,44,Masculino,Administrador,Doctorado
41,Javier Torres,60,Masculino,Ingeniero,Doctorado
42,Carlos Sánchez,53,Masculino,Médico,Doctorado
43,María López,30,Femenino,Ingeniero,Licenciatura
44,Javier Kim,53,Masculino,Administrador,Doctorado
45,Roberto Herrera,25,Masculino,Programador,Licenciatura
46,Javier Torres,49,Masculino,Profesor,Maestría
47,Pedro Castillo,41,Masculino,Abogado,Maestría
48,Carmen Morales,29,Femenino,Médico,Maestría
49,Sofía Méndez,37,Femenino,Profesor,Maestría
50,Roberto Herrera,65,Masculino,Abogado,Maestría
51,María López,42,Femenino,Médico,Maestría
52,Carmen Morales,19,Femenino,Empleado,Preparatoria
53,Antonio Gemma,63,Masculino,Profesor,Maestría
54,Ana Gómez,44,Femenino,Abogado,Doctorado
55,Antonio Ríos,65,Masculino,Médico,Doctorado
56,Gabriela Ortega,42,Femenino,Médico,Maestría
57,Ana Gómez,30,Femenino,Ingeniero,Licenciatura
58,Carlos Sánchez,57,Masculino,Médico,Doctorado
59,Ana Gómez,35,Femenino,Arquitecto,Licenciatura
60,María López,41,Femenino,Abogado,Doctorado
61,Carmen Morales,50,Femenino,Administrador,Maestría
62,Laura Silva,45,Femenino,Administrador,Doctorado
63,Roberto Herrera,60,Masculino,Médico,Maestría
64,Luis Fernández,45,Masculino,Administrador,Doctorado
65,Juan Pérez,24,Masculino,Diseñador,Licenciatura
66,Carmen Morales,59,Femenino,Médico,Doctorado
67,Roberto Herrera,48,Masculino,Abogado,Doctorado
68,Pedro Castillo,61,Masculino,Abogado,Doctorado
69,Laura Silva,33,Femenino,Abogado,Maestría
70,Ana Gómez,54,Femenino,Ingeniero,Maestría
71,Roberto Herrera,34,Masculino,Profesor,Maestría
72,Marta Díaz,50,Femenino,Médico,Doctorado
73,Carlos Sánchez,26,Masculino,Diseñador,Licenciatura
74,Elena Ramírez,49,Femenino,Administrador,Doctorado
75,Carlos Sánchez,49,Masculino,Administrador,Maestría
76,Gabriela Ortega,52,Femenino,Administrador,Doctorado
77,Juan Pérez,24,Masculino,Diseñador,Licenciatura
78,María López,22,Femenino,Administrador,Licenciatura
79,María López,65,Femenino,Médico,Maestría
80,Marta Díaz,38,Femenino,Abogado,Licenciatura
81,Carlos Sánchez,26,Masculino,Enfermero,Licenciatura
82,Carmen Morales,40,Femenino,Médico,Doctorado
83,Marta Díaz,34,Femenino,Arquitecto,Maestría
84,Pedro Castillo,28,Masculino,Arquitecto,Maestría
85,Fernando Costil,55,Masculino,Ingeniero,Maestría
86,Luis Fernández,46,Masculino,Administrador,Maestría
87,Carlos Sánchez,59,Masculino,Ingeniero,Maestría
88,Laura Silva,37,Femenino,Médico,Licenciatura
89,Elena Ramírez,42,Femenino,Administrador,Doctorado
90,Luis Fernández,19,Masculino,Asistente,Preparatoria
91,Roberto Herrera,20,Masculino,Estudiante,Secundaria
92,Antonio Ríos,33,Masculino,Profesor,Licenciatura
93,Laura Silva,45,Femenino,Médico,Doctorado
94,Laura Silva,59,Femenino,Administrador,Doctorado
95,Ana Gómez,63,Femenino,Abogado,Doctorado
96,Fernando Ruiz,59,Masculino,Médico,Doctorado
97,Juan Pérez,57,Masculino,Abogado,Doctorado
98,Pedro Castillo,25,Masculino,Contador,Licenciatura
99,Carmen Morales,20,Femenino,Empleado,Preparatoria
100,Elena Herrera,19,Femenino,Estudiante,Preparatoria
101,Marta Díaz,21,Femenino,Empleado,Secundaria
102,Juan Pérez,59,Masculino,Abogado,Maestría
103,Pedro Castillo,64,Masculino,Profesor,Doctorado
104,Javier Torres,55,Masculino,Ingeniero,Maestría
105,Pedro Castillo,45,Masculino,Profesor,Doctorado
106,Gabriela Ortega,65,Femenino,Administrador,Maestría
107,Javier Torres,44,Masculino,Ingeniero,Doctorado
108,Sofía Méndez,31,Femenino,Médico,Licenciatura
109,María López,38,Femenino,Profesor,Licenciatura
110,Pedro Castillo,40,Masculino,Ingeniero,Doctorado
111,Juan Pérez,40,Masculino,Profesor,Doctorado
112,Roberto Herrera,21,Masculino,Empleado,Preparatoria
113,Sofía Méndez,50,Femenino,Abogado,Doctorado
114,Fernando Ruiz,57,Masculino,Médico,Doctorado
115,Juan Pérez,41,Masculino,Abogado,Doctorado
116,Antonio Ríos,60,Masculino,Médico,Maestría
117,Sofía Méndez,45,Femenino,Profesor,Doctorado
118,Gabriela Ortega,26,Femenino,Administrador,Licenciatura
119,Ana Gómez,46,Femenino,Médico,Maestría
120,Sofía Méndez,42,Femenino,Profesor,Maestría
121,Sofía Méndez,30,Femenino,Médico,Maestría
122,Carmen Morales,48,Femenino,Abogado,Maestría
123,Roberto Herrera,48,Masculino,Administrador,Doctorado
124,María López,56,Femenino,Ingeniero,Doctorado
125,María López,31,Femenino,Abogado,Licenciatura
126,Antonio Ríos,58,Masculino,Abogado,Maestría
127,Ana Gómez,37,Femenino,Ingeniero,Licenciatura
128,Antonio Ríos,24,Masculino,Programador,Licenciatura
129,Fernando Jimenez,49,Masculino,Abogado,Maestría
130,Fernando Velez,63,Masculino,Médico,Maestría
131,Fernando Merce,21,Masculino,Empleado,Preparatoria
132,Javier Torres,61,Masculino,Administrador,Maestría
133,Pedro Castillo,22,Masculino,Programador,Licenciatura
134,Carmen Morales,51,Femenino,Médico,Maestría
135,Elena Ramírez,65,Femenino,Ingeniero,Doctorado
136,Carmen Morales,32,Femenino,Ingeniero,Maestría
137,Elena Ramírez,30,Femenino,Médico,Maestría
138,Sofía Méndez,52,Femenino,Ingeniero,Doctorado
139,Fernando Ruiz,58,Masculino,Profesor,Maestría
140,Ana Martinez,33,Femenino,Médico,Maestría
141,Antonio Ríos,22,Masculino,Diseñador,Licenciatura
142,Javier Torres,50,Masculino,Ingeniero,Doctorado
143,Pedro Castillo,59,Masculino,Profesor,Doctorado
144,Luis Fernández,52,Masculino,Profesor,Doctorado
145,Laura Silva,50,Femenino,Médico,Maestría
146,Gabriela Ortega,65,Femenino,Ingeniero,Maestría
147,Elena Ramírez,38,Femenino,Abogado,Licenciatura
148,Javier Torres,59,Masculino,Profesor,Doctorado
149,Juan Pérez,23,Masculino,Contador,Licenciatura
150,Sofía Méndez,65,Femenino,Abogado,Maestría
151,Carmen Morales,23,Femenino,Diseñador,Licenciatura
152,Elena Ramírez,59,Femenino,Médico,Doctorado
153,Laura Silva,20,Femenino,Empleado,Preparatoria
154,Javier Torres,29,Masculino,Médico,Maestría
155,Juan Pérez,33,Masculino,Médico,Licenciatura
156,Antonio Ríos,64,Masculino,Profesor,Maestría
157,Sofía Méndez,36,Femenino,Ingeniero,Licenciatura
158,Marta Díaz,62,Femenino,Abogado,Maestría
159,Fernando Ruiz,28,Masculino,Profesor,Maestría
160,Elena Ramírez,25,Femenino,Administrador,Licenciatura
161,Gabriela Ortega,46,Femenino,Profesor,Doctorado
162,Marta Díaz,60,Femenino,Médico,Maestría
163,Gabriela Ortega,61,Femenino,Abogado,Doctorado
164,Luis Fernández,65,Masculino,Administrador,Maestría
165,Luis Fernández,36,Masculino,Ingeniero,Maestría
166,Antonio Ríos,47,Masculino,Profesor,Doctorado
167,Javier Torres,55,Masculino,Médico,Maestría
168,Laura Silva,18,Femenino,Asistente,Secundaria
169,Roberto Herrera,27,Masculino,Enfermero,Licenciatura
170,Ana Gómez,44,Femenino,Abogado,Doctorado
171,Carlos Sánchez,22,Masculino,Programador,Licenciatura
172,María López,48,Femenino,Profesor,Doctorado
173,Sofía Méndez,57,Femenino,Ingeniero,Doctorado
174,Elena Bautista,30,Femenino,Arquitecto,Licenciatura
175,Carlos Sánchez,52,Masculino,Médico,Doctorado
176,Fernando Ruiz,38,Masculino,Ingeniero,Maestría
177,Ana Leon,60,Femenino,Ingeniero,Doctorado
178,Pedro Castillo,24,Masculino,Programador,Licenciatura
179,Kevin Bautista,19,Masculino,Empleado,Secundaria
180,Ana Gómez,38,Femenino,Abogado,Licenciatura
181,Gabriela Ortega,32,Femenino,Abogado,Licenciatura
182,Luis Fernández,37,Masculino,Arquitecto,Licenciatura
183,Gabriela Ortega,59,Femenino,Ingeniero,Doctorado
184,Marta Díaz,55,Femenino,Profesor,Doctorado
185,Elena Ramírez,37,Femenino,Ingeniero,Licenciatura
186,Antonio Ríos,62,Masculino,Abogado,Doctorado
187,Marta Díaz,60,Femenino,Abogado,Maestría
188,Sofía Méndez,27,Femenino,Programador,Licenciatura
189,Juan Pérez,28,Masculino,Ingeniero,Maestría
190,Marta Díaz,56,Femenino,Profesor,Maestría
191,Luis Fernández,62,Masculino,Médico,Doctorado
192,Roberto Herrera,31,Masculino,Arquitecto,Licenciatura
193,Javier Torres,30,Masculino,Médico,Licenciatura
194,Elena Ramírez,40,Femenino,Médico,Maestría
195,Roberto Herrera,48,Masculino,Profesor,Doctorado
196,Carmen Morales,53,Femenino,Ingeniero,Doctorado
197,Carlos Milos,52,Masculino,Abogado,Doctorado
198,Carlos Sánchez,22,Masculino,Contador,Licenciatura
199,Sofía Méndez,60,Femenino,Administrador,Doctorado
200,Elena Ramírez,56,Femenino,Ingeniero,Doctorado
201,Fernando Ruiz,42,Masculino,Profesor,Maestría
202,Marta Díaz,24,Femenino,Enfermero,Licenciatura
203,Roberto Herrera,21,Masculino,Empleado,Secundaria
204,María López,24,Femenino,Enfermero,Licenciatura
205,Gloria Bautista,56,Femenino,Abogado,Maestría
206,Luis Fernández,23,Masculino,Diseñador,Licenciatura
207,María López,38,Femenino,Médico,Licenciatura
208,Pedro Castillo,61,Masculino,Abogado,Doctorado
209,Fernando Ruiz,62,Masculino,Médico,Doctorado
210,Gabriela Ortega,19,Femenino,Asistente,Preparatoria
211,Sofía Méndez,32,Femenino,Abogado,Maestría
212,Gabriela Ortega,26,Femenino,Diseñador,Licenciatura
213,Fernando Ruiz,18,Masculino,Empleado,Preparatoria
214,Brandon Bautista,35,Masculino,Ingeniero,Maestría
215,Carmen Morales,55,Femenino,Abogado,Doctorado
216,Luis Fernández,46,Masculino,Médico,Maestría
217,Pedro Castillo,33,Masculino,Médico,Licenciatura
218,Elena Ramírez,45,Femenino,Abogado,Maestría
219,Juan Pérez,47,Masculino,Abogado,Maestría
220,Pedro Castillo,62,Masculino,Ingeniero,Doctorado
221,Fernando Ruiz,28,Masculino,Abogado,Maestría
222,Juan Pérez,46,Masculino,Médico,Maestría
223,Juan Pérez,60,Masculino,Profesor,Doctorado
224,Carlos Sánchez,54,Masculino,Profesor,Doctorado
225,Carlos Nery,44,Masculino,Médico,Doctorado
226,Javier Torres,54,Masculino,Abogado,Doctorado
227,Fernando Martinez,65,Masculino,Ingeniero,Maestría
228,Javier Torres,45,Masculino,Administrador,Maestría
229,Carlos Sánchez,22,Masculino,Contador,Licenciatura
230,Javier Torres,20,Masculino,Estudiante,Preparatoria
231,Carlos Sánchez,56,Masculino,Médico,Maestría
232,Marta Díaz,28,Femenino,Médico,Licenciatura
233,Marta Díaz,62,Femenino,Profesor,Doctorado
234,Antonio Ríos,27,Masculino,Programador,Licenciatura
235,Javier Torres,31,Masculino,Arquitecto,Maestría
236,Juan Pérez,45,Masculino,Médico,Maestría
237,Carlos Rojas,43,Masculino,Médico,Doctorado
238,María López,25,Femenino,Enfermero,Licenciatura
239,Gabriela Ortega,61,Femenino,Profesor,Maestría
240,Sofía Méndez,52,Femenino,Administrador,Maestría
241,Javier Torres,65,Masculino,Ingeniero,Maestría
242,Roberto Herrera,49,Masculino,Ingeniero,Maestría
243,María López,49,Femenino,Médico,Doctorado
244,Fernando Roman,24,Masculino,Administrador,Licenciatura
245,Ana Gómez,24,Femenino,Administrador,Licenciatura
246,Carmen Morales,37,Femenino,Abogado,Licenciatura
247,Juan Pérez,41,Masculino,Abogado,Doctorado
248,Elena Luna,44,Femenino,Abogado,Maestría
249,Roberto Herrera,23,Masculino,Diseñador,Licenciatura
250,Ana Gómez,24,Femenino,Contador,Licenciatura
251,Luis Fernández,42,Masculino,Médico,Maestría
252,María López,48,Femenino,Administrador,Maestría
253,Marta Díaz,32,Femenino,Profesor,Maestría
254,Sofía Méndez,37,Femenino,Profesor,Licenciatura
255,Carlos Sánchez,35,Masculino,Médico,Maestría
256,Carmen Morales,53,Femenino,Ingeniero,Doctorado
257,Ana Gómez,23,Femenino,Enfermero,Licenciatura
258,Sofía Méndez,42,Femenino,Abogado,Maestría
259,Gabriela Ortega,61,Femenino,Abogado,Doctorado
260,Laura Ortega,45,Femenino,Abogado,Doctorado
261,Laura Silva,57,Femenino,Médico,Doctorado
262,Ana Gómez,37,Femenino,Ingeniero,Maestría
263,Roberto Herrera,23,Masculino,Contador,Licenciatura
264,Carlos Sánchez,41,Masculino,Ingeniero,Maestría
265,María López,35,Femenino,Médico,Maestría
266,Sofía Méndez,31,Femenino,Profesor,Maestría
267,Luis Quintero,58,Masculino,Abogado,Doctorado
268,Elena Ramírez,55,Femenino,Abogado,Doctorado
269,Antonio Ríos,37,Masculino,Médico,Maestría
270,Javier Torres,60,Masculino,Profesor,Doctorado
271,Fernando Ruiz,55,Masculino,Ingeniero,Doctorado
272,Carlos Sánchez,19,Masculino,Empleado,Secundaria
273,Juan Pérez,45,Masculino,Profesor,Maestría
274,Laura Silva,19,Femenino,Empleado,Secundaria
275,Gabriela Ortega,42,Femenino,Profesor,Maestría
276,Elena Ramírez,59,Femenino,Médico,Doctorado
277,Fernando Ruiz,21,Masculino,Estudiante,Secundaria
278,Ana Gómez,65,Femenino,Ingeniero,Maestría
279,Ana Gómez,45,Femenino,Médico,Doctorado
280,Javier Torres,28,Masculino,Abogado,Maestría
281,Antonio Ríos,25,Masculino,Diseñador,Licenciatura
282,Elena Perez,59,Femenino,Profesor,Doctorado
283,Fernando Ruiz,54,Masculino,Administrador,Doctorado
284,María López,42,Femenino,Administrador,Doctorado
285,María López,64,Femenino,Médico,Doctorado
286,Carlos Sánchez,38,Masculino,Abogado,Licenciatura
287,Carmen Morales,46,Femenino,Ingeniero,Maestría
288,Carlos Jimenez,26,Masculino,Programador,Licenciatura
289,Carlos Sánchez,37,Masculino,Profesor,Maestría
290,Pedro Castillo,59,Masculino,Médico,Doctorado
291,Carmen Morales,24,Femenino,Enfermero,Licenciatura
292,María López,65,Femenino,Ingeniero,Doctorado
293,Javier Torres,60,Masculino,Administrador,Maestría
294,Marta Díaz,61,Femenino,Profesor,Doctorado
295,Carlos Sánchez,35,Masculino,Ingeniero,Maestría
296,Javier Torres,38,Masculino,Ingeniero,Maestría
297,Fernando Ruiz,57,Masculino,Médico,Doctorado
298,Pedro Castillo,33,Masculino,Abogado,Maestría
299,Gabriela Ortega,31,Femenino,Arquitecto,Licenciatura
300,Elena Ramírez,31,Femenino,Médico,Maestría
301,Gabriela Ortega,46,Femenino,Abogado,Maestría
302,Pedro Castillo,41,Masculino,Profesor,Maestría
303,Juan Pérez,22,Masculino,Enfermero,Licenciatura
304,Luis Fernández,18,Masculino,Estudiante,Secundaria
305,Ana Gómez,37,Femenino,Médico,Maestría
306,Laura Silva,55,Femenino,Profesor,Doctorado
307,Fernando Ruiz,46,Masculino,Profesor,Maestría
308,Sofía Méndez,61,Femenino,Abogado,Doctorado
309,Marta Díaz,32,Femenino,Ingeniero,Maestría
310,Pedro Castillo,45,Masculino,Médico,Maestría
311,Pedro Castillo,47,Masculino,Abogado,Maestría
312,Javier Torres,62,Masculino,Ingeniero,Doctorado
313,Pedro Castillo,51,Masculino,Administrador,Doctorado
314,Elena Ramírez,44,Femenino,Administrador,Doctorado
315,Ana Gómez,44,Femenino,Ingeniero,Maestría
316,Fernando Ruiz,21,Masculino,Asistente,Secundaria
317,Juan Pérez,41,Masculino,Ingeniero,Maestría
318,Luis Fernández,49,Masculino,Abogado,Maestría
319,Juan Bautista,38,Masculino,Ingeniero,Licenciatura
320,Roberto Herrera,43,Masculino,Ingeniero,Doctorado
321,Elena Ramírez,22,Femenino,Contador,Licenciatura
322,Antonio Ríos,63,Masculino,Administrador,Doctorado
323,María López,30,Femenino,Arquitecto,Maestría
324,Pedro Castillo,51,Masculino,Ingeniero,Maestría
325,Antonio Ríos,30,Masculino,Ingeniero,Maestría
326,Ana Gómez,32,Femenino,Ingeniero,Licenciatura
327,Pedro Castillo,49,Masculino,Ingeniero,Doctorado
328,Elena Ramírez,27,Femenino,Administrador,Licenciatura
329,Sofía Méndez,22,Femenino,Enfermero,Licenciatura
330,Gabriela Ortega,39,Femenino,Médico,Maestría
331,Pedro Castillo,33,Masculino,Ingeniero,Licenciatura
332,Pedro Castillo,20,Masculino,Empleado,Preparatoria
333,Elena Ramírez,44,Femenino,Ingeniero,Doctorado
334,Ana Oro,44,Femenino,Profesor,Maestría
335,Ana Gómez,36,Femenino,Médico,Licenciatura
336,Juan Pérez,33,Masculino,Profesor,Maestría
337,Roberto Herrera,61,Masculino,Médico,Doctorado
338,Carlos Sánchez,21,Masculino,Asistente,Secundaria
339,María López,32,Femenino,Ingeniero,Maestría
340,Fernando Ruiz,31,Masculino,Ingeniero,Licenciatura
341,Sofía Méndez,34,Femenino,Ingeniero,Licenciatura
342,Carmen Morales,28,Femenino,Abogado,Licenciatura
343,Antonio Ríos,53,Masculino,Profesor,Maestría
344,Elena Ramírez,63,Femenino,Ingeniero,Maestría
345,Carlos Sánchez,29,Masculino,Profesor,Maestría
346,Gabriela Ortega,51,Femenino,Ingeniero,Maestría
347,Carlos Sánchez,51,Masculino,Médico,Maestría
348,Juan Pérez,51,Masculino,Administrador,Maestría
349,Roberto Herrera,43,Masculino,Ingeniero,Maestría
350,Pedro Castillo,54,Masculino,Profesor,Maestría
351,Carlos Sánchez,33,Masculino,Médico,Maestría
352,Sofía Méndez,36,Femenino,Profesor,Maestría
353,Elena Ramírez,59,Femenino,Médico,Maestría
354,Gabriela Ortega,56,Femenino,Profesor,Doctorado
355,Antonio Ríos,42,Masculino,Administrador,Maestría
356,Ana Gómez,24,Femenino,Enfermero,Licenciatura
357,Antonio Santos,48,Masculino,Abogado,Maestría
358,Antonio Ríos,39,Masculino,Profesor,Licenciatura
359,Sofía Méndez,64,Femenino,Administrador,Maestría
360,María López,51,Femenino,Ingeniero,Maestría
361,Juan Pérez,19,Masculino,Empleado,Secundaria
362,Carmen Morales,45,Femenino,Abogado,Doctorado
363,Roberto Herrera,22,Masculino,Contador,Licenciatura
364,Fernando Ruiz,23,Masculino,Enfermero,Licenciatura
365,Julian Fernández,32,Masculino,Arquitecto,Maestría
366,María López,32,Femenino,Arquitecto,Licenciatura
367,Luis Fernández,43,Masculino,Profesor,Maestría
368,Roberto Herrera,60,Masculino,Médico,Maestría
369,Carmen Morales,52,Femenino,Administrador,Doctorado
370,Sofía Méndez,39,Femenino,Profesor,Licenciatura
371,Roberto Herrera,24,Masculino,Programador,Licenciatura
372,Roberto Herrera,44,Masculino,Abogado,Maestría
373,Laura Silva,57,Femenino,Médico,Doctorado
374,Ana Gómez,43,Femenino,Ingeniero,Doctorado
375,Gabriela Ortega,36,Femenino,Ingeniero,Maestría
376,Sofía Méndez,61,Femenino,Médico,Maestría
377,Roberto Herrera,62,Masculino,Profesor,Maestría
378,Antonio Ríos,52,Masculino,Abogado,Doctorado
379,Antonio Ríos,23,Masculino,Diseñador,Licenciatura
380,Fernando Ruiz,36,Masculino,Arquitecto,Licenciatura
381,Juan Pérez,43,Masculino,Abogado,Doctorado
382,Laura Silva,53,Femenino,Ingeniero,Doctorado
383,Pedro Castillo,47,Masculino,Profesor,Doctorado
384,María López,64,Femenino,Médico,Doctorado
385,Carlos Sánchez,64,Masculino,Abogado,Maestría
386,Luis Fernández,48,Masculino,Abogado,Doctorado
387,Elena Ramírez,29,Femenino,Arquitecto,Licenciatura
388,Luis Fernández,20,Masculino,Empleado,Preparatoria
389,Roberto Herrera,57,Masculino,Abogado,Doctorado
390,Laura Silva,24,Femenino,Enfermero,Licenciatura
391,Juan Pérez,22,Masculino,Administrador,Licenciatura
392,Fernando Ruiz,30,Masculino,Médico,Maestría
393,Marta Díaz,26,Femenino,Programador,Licenciatura
394,Roberto Herrera,33,Masculino,Abogado,Maestría
395,Javier Torres,32,Masculino,Arquitecto,Maestría
396,Marta Díaz,34,Femenino,Abogado,Maestría
397,Antonio Ríos,58,Masculino,Profesor,Maestría
398,Roberto Torres,57,Masculino,Médico,Maestría
399,Roberto Herrera,40,Masculino,Administrador,Maestría
400,Marta Díaz,21,Femenino,Estudiante,Preparatoria
